use ENTV

-- MASTER 
-- Customer
INSERT INTO Customer VALUES
('CU001','Rachmad Darmawan','RahmdDN"@gmail.com"','Male','+6281297221857','Jalan Cendrawasih No.45','2002-05-24'),
('CU002','Muh Ikram Ramadan','Muhkram"@gmail.com"','Male','+6281211751461','Jalan Mawar No.01','2001-12-05'),
('CU003','Andre Budiman','ABudim"@yahoo.com"','Male','+6285787422985','Jalan Sudirman No.12','2002-11-25'),
('CU004','Krisna Putra Yudha','Kpy2002"@gmail.com"','Male','+6281283229853','Jalan Pahlawan No.25','2002-12-19'),
('CU005','Kevin Bernadus Susanto','Kvbsnsto"@gmail.com"','Male','+6281211224984','Jalan Merak No.19','2002-02-04'),
('CU006','Muhammad Difa Risyaputra','DifRisPu"@yahoo.com"','Male','+6281267889427','Jalan Laskar No.21','2002-03-11'),
('CU007','Budi Doremi','BudDor2885"@yahoo.com"','Male','+6285728722452','Jalan Noer No.17','2002-10-22'),
('CU008','Christy Alexandra','ChrstAlx"@yahoo.com"','Female','+6281287662785','Jalan Rexus No.11','2002-05-12'),
('CU009','Balqis Ramadhani','BalqRam"@gmail.com"','Female','+6285789766782','Jalan Logitech No.89','2001-04-28'),
('CU010','Ananda Azhar','Anan6884"@gmail.com"','Male','+6281298552277','Jalan Windows No.44','2003-01-13'),
('CU011','Juanita Siahaan','JuuSiaa"@yahoo.com"','Female','+6281255334488','Jalan Haji Umar No.32','2003-07-09'),
('CU012','Yani Aprilia','Yani27856"@gmail.com"','Female','+6285767233495','Jalan Ahmad Yani No.28','2001-02-04'),
('CU013','Maresa Worotikan','Marwor222"@yahoo.com"','Male','+6285728955984','Jalan Stasiun Wonokromo No.04','2002-12-14'),
('CU014','Putu Adrien','PuthyAdr2"@yahoo.com"','Female','+6281276882564','Jalan Pagesangan No.67','2001-06-20'),
('CU015','Aybel Jemka Liu','AyJemLi67"@yahoo.com"','Female','+6281209552256','Jalan Galaxy Raya No.07','2001-01-30')

-- Staff
INSERT INTO Staff VALUES
('ST001','Lukas Dimas Daely','Lkdd775@gmail.com','Male','+6281209220043','Jalan Herbal No.14','5000000','2000-02-14'),
('ST002','Bella Poarch','BellaP2@hotmail.com','Female','+6285724444333','Jalan Pendidikan No.09','5600000','1999-08-05'),
('ST003','Kevin Fransiscus','KevinF@yahoo.com','Male','+6285766622664','Jalan Duren Raya No.18','7200000','1998-09-15'),
('ST004','Basima Faiha Rahida','BasiFaRa22@yahoo.com','Female','+6285766877326','Jalan Serdang No.16','5000000','1998-09-29'),
('ST005','Bagas Rizky Budiman','BgsRikzy"@gmail.com','Male','+6281287221968','Jalan Palapa III No.19','7000000','1995-05-31'),
('ST006','Rakha Ramadhan','RakRam552@hotmail.com','Male','+6281299006784','Jalan Satria Raya No.10','7000000','1996-05-15'),
('ST007','Bijan Bayu','BiBay11@gmail.com','Male','+6281287552245','Jalan Graha Duta No.29','5000000','2000-12-31'),
('ST008','Kensi Candrawan','KensCan99@yahoo.com','Male','+6281288775643','Jalan Patriot Raya No.20','5600000','2000-01-13'),
('ST009','Gamaliel Situmorang','Gama224@hotmail.com','Male','+6285712377432','Jalan Haji Saleh No.99','7200000','1994-03-19'),
('ST010','Mahardhika Adhi Prabowo','MaharAdhi664@gmail.com','Male','+6285765422345','Jalan Kaliabang No.32','7000000','1994-01-13'),
('ST011','Albert Bernadus Susanto','Albe534@yahoo.com','Male','+6285765900342','Jalan Perjuangan No.72','7000000','1996-02-29'),
('ST012','Bilqis Rifda','BilRif22215@gmail.com','Female','+6281209775873','Jalan Borneo Raya No.39','5200000','1994-01-24'),
('ST013','Bebby Gracia','BebCia332@yahoo.com','Female','+6285764233234','Jalan Agus Salim No.57','5200000','1998-05-24'),
('ST014','Deddy Susanto','Ded222@hotmail.com','Male','+6281277664420','Jalan Damai No.87','5600000','1995-06-29'),
('ST015','Syariffudin','Syar00@yahoo.com','Male','+6285767522354','Jalan Kenangan Raya No.97','5600000','1994-03-30')

-- Vendor
INSERT INTO Vendor VALUES
('VE001','Pertama Mega Electric','info@megaelectric.com','+6281256646877','Jalan Jenderal Soedirman No.11'),
('VE002','PT. Jaya Abadi','care@jayabadi.com','+6281277665986','Jalan Boulevard Raya No.45'),
('VE003','Mandiri Megah Electric','info@mandirimegah.com','+6285798677452','Jalan Raya Pekayon No.16'),
('VE004','PT. Sinar Jaya','support@sinarjaya.com','+6287798224576','Jalan Gandaria No.24'),
('VE005','PT. Raya Rejeki','contact@rayarejeki.com','+6282187221986','Jalan Herbal No.14'),
('VE006','Quirindo Teknik','info@quarindo.com','+6285789522456','Jalan Kemakmuran No.54'),
('VE007','Abadi Electric','info@abadielectric.com','+6281277990086','Jalan Bunga Rampai III No.22'),
('VE008','Alfa Persada Electric','care@alfapersada.com','+6282134221232','Jalan Palapa No.25'),
('VE009','PT. Kencana Abadi','contact@kencanabadi.com','+6281299882211','Jalan Malaka Raya No.12'),
('VE010','PT. Electronic Jaya','care@electronicjaya.com','+6285714522768','Jalan Serdang No.76'),
('VE011','Sukses Jaya Electric','care@suksesjaya.com','+6285768299843','Jalan Alinda No.27'),
('VE012','PT. Sentosa Raya Teknik','support@sentosaraya.com','+6281298114624','Jalan Lembah Palem No.84'),
('VE013','Mitra Sejuk Electric','support@mitrasejuk.com','+6285723422157','Jalan Pondok Palem No.51'),
('VE014','PT. Ikon Electric','support@ikonelectric.com','+6287783221342','Jalan Rampai No.64'),
('VE015','Zologi Jaya Electronic','info@zologijaya.com','+6281298001847','Jalan Palem Raya No.55')

-- TelevisionBrand
INSERT INTO TelevisionBrand VALUES
('TB001','Samsung'),
('TB002','Xiaomi'),
('TB003','Sony'),
('TB004','LG'),
('TB005','Panasonic'),
('TB006','Sharp'),
('TB007','Polytron'),
('TB008','Changhong'),
('TB009','Philips'),
('TB010','Akari'),
('TB011','Coocaa'),
('TB012','Toshiba'),
('TB013','TCL'),
('TB014','AQUA'),
('TB015','Haier')

-- Television
INSERT INTO Television VALUES
('TE001','TB001','Samsung 32" LED TV - 32N4300','3100000'),
('TE002','TB002','Xiaomi 32" MI LED 4A ANDROID SMART TV','2300000'),
('TE003','TB003','Sony 65" 4K SMART ANDROID LED TV','15800000'),
('TE004','TB001','Samsung 43" Crystal UHD 4K Smart TV AU8000','6700000'),
('TE005','TB007','Polytron 24" - 24T8511','1975000'),
('TE006','TB013','TV TCL 4K HDR P725','6900000'),
('TE007','TB012','Toshiba 49" 49L3750 LED TV','8700000'),
('TE008','TB006','Sharp AQUOS 24" HD LED TV LC-24LE175I','1600000'),
('TE009','TB012','Toshiba 50" SMART LED TV - 50U7880','7500000'),
('TE010','TB002','TV 32 INCH Xiaomi ANDROID','2299000'),
('TE011','TB003','Sony Bravia X90J Class HDR 4K UHD Smart TV - 55 Inch','16399000'),
('TE012','TB011','Coocaa 50" SMART TV - 50S3N','1895000'),
('TE013','TB015','Haier 40G2500 40" 1080p 60Hz D-LED HDTV - (2017 Model)','3800000'),
('TE014','TB004','LG UP75 4K Smart UHD TV - 43UP7500PTC','4932900'),
('TE015','TB009','Philips 32PHT5853S Smart Android','2459000')

-- Transaction
-- PurchaseTransactionHeader
INSERT INTO PurchaseTransactionHeader (PurchaseID, StaffID, VendorID, PurchaseDate) VALUES
('PE001','ST006','VE002','2021-03-06'),
('PE002','ST002','VE013','2021-07-12'),
('PE003','ST004','VE013','2021-10-25'),
('PE004','ST007','VE004','2021-10-16'),
('PE005','ST013','VE012','2021-10-18'),
('PE006','ST005','VE014','2021-11-13'),
('PE007','ST009','VE001','2021-12-28'),
('PE008','ST004','VE009','2021-04-15'),
('PE009','ST001','VE013','2021-05-01'),
('PE010','ST014','VE010','2021-12-19'),
('PE011','ST008','VE005','2021-02-21'),
('PE012','ST004','VE006','2021-11-11'),
('PE013','ST007','VE001','2021-06-17'),
('PE014','ST011','VE015','2021-08-25'),
('PE015','ST005','VE001','2021-05-15')

-- Transaction Detail 
-- PurchaseTransactionDetail
INSERT INTO PurchaseTransactionDetail VALUES
('PE001','TE005','2'),
('PE001','TE015','2'),
('PE002','TE009','5'),
('PE002','TE001','7'),
('PE003','TE006','4'),
('PE003','TE014','2'),
('PE004','TE006','3'),
('PE004','TE009','1'),
('PE005','TE011','3'),
('PE005','TE009','2'),
('PE006','TE014','3'),
('PE006','TE013','3'),
('PE007','TE011','1'),
('PE007','TE004','1'),
('PE008','TE009','1'),
('PE008','TE010','2'),
('PE009','TE014','5'),
('PE009','TE004','4'),
('PE010','TE002','4'),
('PE010','TE012','6'),
('PE011','TE008','7'),
('PE011','TE014','5'),
('PE012','TE011','3'),
('PE012','TE003','3'),
('PE013','TE002','10'),
('PE013','TE007','5')

-- Transaction
-- SalesTransactionHeader
INSERT INTO SalesTransactionHeader (SalesID, StaffID, CustomerID, SalesDate) VALUES
('SA001','ST013','CU010','2021-08-16'),
('SA002','ST003','CU005','2021-03-15'),
('SA003','ST005','CU001','2021-11-26'),
('SA004','ST008','CU006','2021-09-26'),
('SA005','ST010','CU003','2021-03-11'),
('SA006','ST001','CU014','2021-01-17'),
('SA007','ST006','CU010','2021-03-17'),
('SA008','ST011','CU009','2021-12-01'),
('SA009','ST002','CU015','2021-12-29'),
('SA010','ST005','CU002','2021-10-30'),
('SA011','ST010','CU005','2021-11-21'),
('SA012','ST003','CU008','2021-12-19'),
('SA013','ST014','CU010','2021-04-29'),
('SA014','ST002','CU007','2021-05-28'),
('SA015','ST012','CU005','2021-07-13')

-- Transaction Detail 
-- SalesTransactionDetail
INSERT INTO SalesTransactionDetail VALUES
('SA001','TE005','3'),
('SA001','TE015','1'),
('SA002','TE002','4'),
('SA002','TE013','1'),
('SA003','TE009','1'),
('SA003','TE014','6'),
('SA004','TE003','4'),
('SA004','TE011','5'),
('SA005','TE004','5'),
('SA005','TE008','7'),
('SA006','TE012','1'),
('SA006','TE005','2'),
('SA007','TE011','2'),
('SA007','TE006','3'),
('SA008','TE001','3'),
('SA008','TE003','9'),
('SA009','TE014','7'),
('SA009','TE003','10'),
('SA010','TE006','1'),
('SA010','TE005','1'),
('SA011','TE010','3'),
('SA011','TE001','2'),
('SA012','TE009','1'),
('SA012','TE015','1'),
('SA013','TE001','3'),
('SA013','TE002','6')
